﻿Designator,Footprint,Quantity,Value,LCSC Part #
"BOOT1, RESET1, SELECT1",SW-SMD_4P-L5.1-W5.1-P3.70-LS6.5-TL-2,3,TS-1187A-B-A-B,C318884
"C1, C2, C3, C4",0805,4,10uF 0805,C440198
"C10, C17, C19, C20, C21, C22, C9",0402,7,100nF,C307331
"C11, C12, C13, C14, C15, C16",0805,6,22uF 0805,C45783
C18,0805,1,10uF,C440198
"C5, C6, C7, C8",0603,4,10uF 0603,C96446
"COIL1, RADAR1",JST_XH_S2B-XH-A-1_1x02_P2.50mm_Horizontal,2,JST-XH 2P,
"D1, D3",SMA_L4.3-W2.6-LS5.2-RD,2,D,C8678
D2,SOT-457_L2.9-W1.5-P0.95-LS2.8-BL,1,IP4234CZ6,C455086
"HOLO1, LOGIC1, PSI1",JST_XH_S3B-XH-A-1_1x03_P2.50mm_Horizontal,3,JST-XH 3P,
"L1, L2",IND-SMD_L7.0-W6.6,2,1.5uH,C408444
LED1,LED-SMD_4P-L3.5-W3.5-TL_WS2812B,1,WS2812B-MINI,C527089
Q1,SOT-23_L2.9-W1.3-P1.90-LS2.4-BR,1,AO3401A,C15127
"R1, R12, R14, R3, R4",0402,5,10k,C25744
"R10, R11, R5",0402,3,100k,C25741
R13,R_Axial_DIN0207_L6.3mm_D2.5mm_P7.62mm_Horizontal,1,68,C17802
"R15, R16",0805,2,5.1k,C27834
R6,0603,1,680k,C25822
R7,0603,1,470k,C23178
R8,0603,1,130k,C22795
R9,0603,1,150k,C22807
"U1, U2",VQFN-HR-15_L3.0-W2.5-P0.50-BL_TPS63070RNMR,2,TPS63070RNMR,C109322
U3,TSSOP-20_L6.5-W4.4-P0.65-LS6.4-BL,1,SN74AHCT245PWR,C10910
U4,WIRELM-SMD_ESP32-S3-WROOM-1,1,ESP32-S3-WROOM-1(N16R8),C2913202
USB1,USB-C-SMD_TYPE-C-6PIN-2MD-073,1,TYPE-C 16PIN 2MD(073),C2765186
